,"Time,s","Pelvis Accel Sensor X,mG","Pelvis Accel Sensor Y,mG","Pelvis Accel Sensor Z,mG","Pelvis Rot X,","Pelvis Rot Y,","Pelvis Rot Z,",Markers,MarkerNames,Fall
163800,39.16,0.4369492254733219,0.5638633686690224,0.5363543736308523,0.4075222566770031,0.18049645390070923,0.3016302748513918,0.0,,1.0
163801,39.17,0.437263339070568,0.5584962701217119,0.5258138468592388,0.4095728718615585,0.17641843971631205,0.30498499205461704,0.0,,1.0
163802,39.18,0.435250430292599,0.558150765606596,0.524173416883183,0.4123737121136341,0.17269503546099285,0.30833970925784226,0.0,,1.0
163803,39.19,0.4354165232358004,0.5589006674519043,0.5254877986652402,0.4158747624287286,0.1690898345153664,0.3117532811488434,0.0,,1.0
163804,39.2,0.434368760757315,0.5569257950530035,0.5297671812114728,0.41987596278883665,0.1657210401891253,0.31528456241539626,0.0,,1.0
163805,39.21,0.4330869191049914,0.5529210836277975,0.5365072087217891,0.4241772531759528,0.16223404255319146,0.31881584368194915,0.0,,1.0
163806,39.22,0.4311746987951808,0.5531095406360425,0.534214682357736,0.4288786635990797,0.15856973995271867,0.32240597963627793,0.0,,1.0
163807,39.23,0.43346170395869194,0.5527444051825677,0.5226756329920016,0.4337301190357107,0.15478723404255312,0.32605497027838254,0.0,,1.0
163808,39.24,0.43846385542168675,0.5554848841774638,0.5132762748993835,0.4389816945083525,0.15088652482269505,0.3300570890471425,0.0,,1.0
163809,39.25,0.4402710843373494,0.5562151550844131,0.5056905598858831,0.4447334200260078,0.14728132387706855,0.3344123359425577,0.0,,1.0
163810,39.26,0.44144578313253013,0.5564271692186887,0.5028019766671761,0.451035310593178,0.14397163120567374,0.3391207109646282,0.0,,1.0
163811,39.27,0.43833907056798627,0.560070671378092,0.5070813592134087,0.4581174352305692,0.1407210401891253,0.34400565005002637,0.0,,1.0
163812,39.28,0.4328528399311532,0.5670278759324696,0.5114830098323908,0.46574972491747524,0.13752955082742313,0.3488905891354245,0.0,,1.0
163813,39.29,0.4263640275387264,0.5706910090302317,0.513775536196444,0.4737471241372412,0.13439716312056732,0.35359896415749503,0.0,,1.0
163814,39.3,0.4242426850258176,0.5729171574401257,0.5148912323602832,0.4820196058817645,0.13108747044917257,0.35830733917956553,0.0,,1.0
163815,39.31,0.4180636833046472,0.5742010208087948,0.5141678129298487,0.4905971791537461,0.12771867612293142,0.3630745688894119,0.0,,1.0
163816,39.32,0.4172030981067126,0.5763290145268944,0.5163584492332772,0.4992672801840552,0.12417257683215127,0.3680772173503618,0.0,,1.0
163817,39.33,0.42314543889845097,0.5800078523753436,0.5163329767181211,0.5078473542062619,0.12033096926713949,0.3731975751868635,0.0,,1.0
163818,39.34,0.42684165232358007,0.586871221044366,0.5120281216567324,0.5163949184755426,0.11672576832151293,0.3785533517744687,0.0,,1.0
163819,39.35,0.42762478485370053,0.5932194738908521,0.5108360079474247,0.5248224467340202,0.11353427895981083,0.383850273674298,0.0,,1.0
163820,39.36,0.42877710843373495,0.60113074204947,0.5158897549544041,0.5332149644893468,0.11087470449172576,0.3889117768230238,0.0,,1.0
163821,39.37,0.4344922547332186,0.6078052610914803,0.5270059605685465,0.5413023907172152,0.10874704491725767,0.3934435877817667,0.0,,1.0
163822,39.38,0.43421987951807234,0.6134982332155478,0.5373544245758826,0.5491197359207762,0.10744680851063826,0.39732799717497486,0.0,,1.0
163823,39.39,0.42909208261617904,0.6151668629760503,0.5475266187783381,0.5563168950685206,0.10697399527186757,0.3999764581248895,0.0,,1.0
163824,39.4,0.4283980206540448,0.6156851197487241,0.5570023944164246,0.5628188456536961,0.10703309692671392,0.40156553469483836,0.0,,1.0
163825,39.41,0.42907099827882966,0.6130035335689047,0.5605379795200978,0.5685705711713513,0.10732860520094561,0.4024483550114766,0.0,,1.0
163826,39.42,0.43823149741824446,0.6165685119748725,0.5513831575729787,0.5734720416124838,0.1078014184397163,0.4025660643870283,0.0,,1.0
163827,39.43,0.4485068846815835,0.6165292500981547,0.5447180192572214,0.5776232869860958,0.10886524822695032,0.40185980813371774,0.0,,1.0
163828,39.44,0.45254302925989676,0.6075971731448764,0.5565082276223954,0.581224367310193,0.11075650118203306,0.40068271437820013,0.0,,1.0
163829,39.45,0.45037865748709127,0.5911817824892031,0.5566304956951449,0.5844253275982795,0.1131205673758865,0.3989759284326995,0.0,,1.0
163830,39.46,0.45441049913941484,0.5819057714958775,0.5555147995313057,0.58777633289987,0.11560283687943262,0.3968571596727678,0.0,,1.0
163831,39.47,0.4555421686746988,0.5719159795838241,0.5519537419124764,0.5915274582374712,0.11843971631205669,0.3947383909128361,0.0,,1.0
163832,39.48,0.4473924268502582,0.570325873576757,0.5472769881298079,0.5960788236470941,0.12186761229314419,0.3928550409040079,0.0,,1.0
163833,39.49,0.4450645438898451,0.5741224970553593,0.5422535024708339,0.6012803841152345,0.12541371158392434,0.3912071096462832,0.0,,1.0
163834,39.5,0.45024956970740104,0.5760581075775423,0.5318763054664017,0.6069320796238872,0.12913711583924348,0.3896180330763344,0.0,,1.0
163835,39.51,0.44151032702237525,0.5746760895170789,0.5212084161190076,0.6130839251775533,0.13356973995271865,0.388323229945265,0.0,,1.0
163836,39.52,0.43325301204819283,0.5813309776207303,0.5263589586835804,0.6200860258077423,0.1388888888888889,0.38661644399976447,0.0,,1.0
163837,39.53,0.43146858864027543,0.5809815469179427,0.5251872229863976,0.6275882764829449,0.14503546099290776,0.383850273674298,0.0,,1.0
163838,39.54,0.4216351118760758,0.5768472712995681,0.5210097305007896,0.6360408122436731,0.15224586288416075,0.3804367017832969,0.0,,1.0
163839,39.55,0.4226032702237522,0.5764232430310169,0.5142187579601609,0.6452935880764229,0.16022458628841602,0.37637572832676114,0.0,,1.0
163840,39.56,0.42993545611015493,0.5939654495484885,0.5220541036221916,0.6555966790037011,0.16873522458628842,0.3726090283091047,0.0,,1.0
163841,39.57,0.4189070567986231,0.5994071456615627,0.5506852106577003,0.6656496949084725,0.17736406619385336,0.3685480548525689,0.0,,1.0
163842,39.58,0.414092082616179,0.5726815861798195,0.5217331499312242,0.6742522756827047,0.1851654846335697,0.3627802954505325,0.0,,1.0
163843,39.59,0.4057702237521515,0.5773616018845701,0.5188241887003923,0.6841052315694708,0.19290780141843966,0.3578365016773585,0.0,,1.0
163844,39.6,0.3837779690189329,0.5890365135453475,0.5304651281267512,0.695408622586776,0.20319148936170212,0.3527749985286327,0.0,,1.0
163845,39.61,0.38938037865748715,0.6025127601099333,0.5392719955168372,0.7074122236671001,0.21377068557919615,0.34712494850214803,0.0,,1.0
163846,39.62,0.40478055077452674,0.6311346682371418,0.5511640939426359,0.7193658097429229,0.22476359338061463,0.3413571891001117,0.0,,1.0
163847,39.63,0.4189414802065405,0.620667451904201,0.5470563961485557,0.7291687506251876,0.23516548463356968,0.3350597375080924,0.0,,1.0
163848,39.64,0.43651032702237524,0.5905889281507657,0.5333995618727393,0.7374712413724117,0.24426713947990542,0.32923312341828015,0.0,,1.0
163849,39.65,0.432013769363167,0.5866230859835101,0.5243924805135258,0.7459737921376413,0.25330969267139475,0.32540756871284787,0.0,,1.0
163850,39.66,0.4150387263339071,0.6046603847663918,0.5413337408935758,0.7551265379613884,0.26235224586288414,0.32328879995291615,0.0,,1.0
163851,39.67,0.4073450946643718,0.6046446800157048,0.5434255438381985,0.7634290287086125,0.27139479905437347,0.3210523218174326,0.0,,1.0
163852,39.68,0.42640275387263343,0.6022850412249706,0.5318049824239645,0.7710313093928178,0.27895981087470445,0.31887469836972504,0.0,,1.0
163853,39.69,0.42611015490533566,0.6148409893992933,0.5271995516837332,0.7789336801040312,0.28617021276595744,0.3179918780530868,0.0,,1.0
163854,39.7,0.4196815834767642,0.6109305064782097,0.5347648886851087,0.7863359007702311,0.29332151300236403,0.31781531398975915,0.0,,1.0
163855,39.71,0.41972461273666095,0.6083627797408717,0.5304651281267512,0.7932379713914175,0.2994680851063829,0.3176976046142074,0.0,,1.0
163856,39.72,0.4237349397590362,0.6211268158617983,0.5221814661979723,0.8001400420126037,0.3044917257683215,0.3182272968041904,0.0,,1.0
163857,39.73,0.4136488812392427,0.60880251276011,0.5236996281012787,0.8064919475842753,0.30975177304964535,0.3193455358719321,0.0,,1.0
163858,39.74,0.406342512908778,0.6021672555948174,0.5310357124662489,0.812743823146944,0.3149527186761229,0.32081690306632915,0.0,,1.0
163859,39.75,0.4101807228915663,0.6021122889674126,0.5238218961740282,0.8183955186555967,0.3187352245862884,0.32199399682184676,0.0,,1.0
163860,39.76,0.40052065404475046,0.6134040047114253,0.529818126241785,0.8238971691507452,0.32228132387706854,0.32358307339179554,0.0,,1.0
163861,39.77,0.39961703958691913,0.6024538672948567,0.5280248611747924,0.8286485945783735,0.325177304964539,0.32470131245953726,0.0,,1.0
163862,39.78,0.4012134251290878,0.6034903808402042,0.5176524530032095,0.8331999599879965,0.3276595744680851,0.3258784062150549,0.0,,1.0
163863,39.79,0.39377366609294323,0.5990616411464469,0.528126751235417,0.8375512653796139,0.3303191489361702,0.32723206403390015,0.0,,1.0
163864,39.8,0.39856282271944926,0.595155084413035,0.5194151510520149,0.8415024507352205,0.33244680851063824,0.32793832028721076,0.0,,1.0
163865,39.81,0.39910929432013775,0.5924656458578721,0.5224514748586275,0.8453536060818245,0.3344562647754137,0.3285857218527455,0.0,,1.0
163866,39.82,0.39831325301204823,0.5887483313702395,0.5246166386469,0.8489046714014203,0.3365248226950355,0.3289977046671766,0.0,,1.0
163867,39.83,0.39678141135972467,0.5883474676089517,0.5326557644301798,0.852255676703011,0.33835697399527187,0.32911541404272837,0.0,,1.0
163868,39.84,0.40302065404475046,0.5831888496270122,0.528794131132508,0.8551565469640892,0.3398345153664302,0.3287034312282972,0.0,,1.0
163869,39.85,0.40211703958691913,0.5843992932862191,0.5325538743695553,0.8579573872161648,0.34119385342789593,0.3283503031016419,0.0,,1.0
163870,39.86,0.4073450946643718,0.5801217118178249,0.5346680931275154,0.8604581374412323,0.34219858156028365,0.3275851921605555,0.0,,1.0
163871,39.87,0.41138123924268505,0.5803690616411465,0.5324774568240868,0.8628088426527958,0.3429078014184397,0.32670237184391726,2.0,endOfFall,0.0
163872,39.88,0.4128098106712565,0.5782057322340008,0.5367313668551632,0.8649594878463539,0.3436170212765957,0.32581955152727904,0.0,,0.0
163873,39.89,0.4155636833046472,0.5798351001177857,0.5406363034286005,0.8669600880264079,0.3440898345153664,0.32470131245953726,0.0,,0.0
163874,39.9,0.4158347676419966,0.5779740871613663,0.5417065056803708,0.8687106131839551,0.3443853427895981,0.3234065093284679,0.0,,0.0
163875,39.91,0.42480636833046476,0.5816179819395367,0.5342707218910795,0.870261078323497,0.3443853427895981,0.3218174327585191,0.0,,0.0
163876,39.92,0.42287435456110156,0.5803690616411465,0.5337969331091752,0.8718115434630389,0.34491725768321513,0.3209346124418809,0.0,,0.0
163877,39.93,0.4266351118760758,0.5789360031409502,0.5439726934637525,0.873261978593578,0.34550827423167846,0.32028721087634615,0.0,,0.0
163878,39.94,0.4292413941480207,0.5803337259521005,0.536435885679352,0.8746623987196158,0.34615839243498814,0.31993408274969093,0.0,,0.0
163879,39.95,0.43077452667814115,0.5808519827247743,0.536435885679352,0.8760128038411523,0.3469858156028368,0.31987522806191504,0.0,,0.0
163880,39.96,0.43068932874354565,0.5804868472712996,0.5405644709358601,0.8773131939581874,0.34822695035460993,0.3202283561885703,0.0,,0.0
163881,39.97,0.4312172977624785,0.5737573616018846,0.5415319170614906,0.8784135240572172,0.34946808510638294,0.32075804837855326,0.0,,0.0
163882,39.98,0.4407099827882961,0.5899960738123283,0.5374267665189261,0.8784135240572172,0.34763593380614655,0.32370078276734726,0.0,,0.0
163883,39.99,0.4175172117039587,0.5648056537102474,0.539614855570839,0.8789636891067321,0.3476950354609929,0.3251132952739685,0.0,,0.0
163884,40.0,0.4324565404475043,0.5843007459756577,0.536435885679352,0.8798639591877563,0.3490543735224586,0.32581955152727904,0.0,,0.0
163885,40.01,0.4483390705679863,0.5981075775422066,0.5346680931275154,0.8804141242372712,0.34929078014184395,0.3274674827850037,0.0,,0.0
163886,40.02,0.43432616179001726,0.5883074204946998,0.5345662030668907,0.8810143042912874,0.35059101654846336,0.32887999529162487,0.0,,0.0
163887,40.03,0.43724182444061965,0.5904201020808795,0.5376249426868409,0.8815644693408022,0.3522458628841607,0.3304102171737978,0.0,,0.0
163888,40.04,0.44346385542168676,0.5968197879858658,0.5330480411635845,0.881814544363309,0.3538416075650118,0.33258784062150537,0.0,,0.0
163889,40.05,0.43453485370051637,0.5888653317628583,0.5376789444189719,0.8821646493948184,0.3560283687943262,0.3352951562591959,0.0,,0.0
163890,40.06,0.43686746987951813,0.5909933254809581,0.5389235315095012,0.8824147244173252,0.35809692671394794,0.33835560002354176,0.0,,0.0
163891,40.07,0.44106712564543893,0.594059678052611,0.5352132049518569,0.8825647694308292,0.360224586288416,0.34176917191454287,0.0,,0.0
163892,40.08,0.4402925989672978,0.5894581861012957,0.5437745172958377,0.8825147544263279,0.3627659574468085,0.34565358130775103,0.0,,0.0
163893,40.09,0.4381282271944923,0.5879646643109541,0.5447180192572214,0.8824647394218266,0.3653073286052009,0.3497734094520627,0.0,,0.0
163894,40.1,0.4356678141135973,0.5923714173537495,0.5460344388404911,0.8823146944083224,0.36773049645390066,0.35359896415749503,0.0,,0.0
163895,40.11,0.4330869191049914,0.5924303101688261,0.5436721177849101,0.8820646193858157,0.3702127659574468,0.3573068094873756,0.0,,0.0
163896,40.12,0.4347650602409639,0.590035335689046,0.5429267919914412,0.8817145143543063,0.3725768321513002,0.3608380907539284,0.0,,0.0
163897,40.13,0.4351441480206541,0.5900903023164508,0.5431733659381527,0.8814144243272981,0.3747635933806146,0.3643105173327055,0.0,,0.0
163898,40.14,0.4346200516351119,0.5908755398508049,0.5420070355086861,0.8812143643092927,0.3765366430260047,0.3677240892237066,0.0,,0.0
163899,40.15,0.43428356282271946,0.5921594032194739,0.5412318508329512,0.880964289286786,0.3780732860520094,0.3711965158024836,0.0,,0.0
163900,40.16,0.4324780550774527,0.5925441696113075,0.5427525599877732,0.8807142142642792,0.3791962174940898,0.3745512330057088,0.0,,0.0
163901,40.17,0.4329591222030981,0.5931409501374166,0.5411355647256609,0.8805141542462739,0.37978723404255316,0.3776116767700546,0.0,,0.0
163902,40.18,0.4330017211703959,0.5921044365920691,0.5395904019562892,0.8803140942282685,0.3799054373522458,0.3804955564710728,0.0,,0.0
163903,40.19,0.4333382099827883,0.5917785630153122,0.5393922257883743,0.880264079223767,0.3794326241134751,0.38332058148431514,0.0,,0.0
163904,40.2,0.4328528399311532,0.5909736945425992,0.5394161699526211,0.880264079223767,0.3785460992907801,0.3859690424342298,0.0,,0.0
163905,40.21,0.43239281411359726,0.590208087946604,0.5390977635131693,0.8803641092327699,0.37724586288416073,0.3884409393208168,0.0,,0.0
163906,40.22,0.4326015490533563,0.5891531213191991,0.5375286565795506,0.8805141542462739,0.3757683215130023,0.3908539815196279,0.0,,0.0
163907,40.23,0.4319073149741825,0.588959952885748,0.5376789444189719,0.8807642292687806,0.37393617021276593,0.39320816903066313,0.0,,0.0
163908,40.24,0.4305869191049914,0.5876183745583039,0.5361353100005094,0.8810143042912874,0.37186761229314413,0.3955035018539226,0.0,,0.0
163909,40.25,0.4301226333907057,0.5881943462897528,0.53705384889704,0.8813143943182955,0.3696217494089834,0.39768112530163013,0.0,,0.0
163910,40.26,0.4288623063683305,0.5884605418138987,0.5372764786795048,0.8815144543363009,0.3671985815602836,0.39985874874933774,0.0,,0.0
163911,40.27,0.4292624784853701,0.5883474676089517,0.5358347343216668,0.8816644993498048,0.36453900709219855,0.4019186628214936,0.0,,0.0
163912,40.28,0.4288833907056799,0.5859305064782097,0.5373304804116358,0.8816144843453035,0.36170212765957444,0.40397857689364947,0.0,,0.0
163913,40.29,0.4289901032702238,0.5855112288967413,0.5371562484079677,0.8814644393317995,0.35868794326241127,0.4058619269024777,0.0,,0.0
163914,40.3,0.42907099827882966,0.5859886140557519,0.5377991746905089,0.8811143343002901,0.35549645390070916,0.40750985816020235,0.0,,0.0
163915,40.31,0.4256024096385542,0.5853180212014135,0.538694788323399,0.8805641692507753,0.3522458628841607,0.40892237066682346,0.0,,0.0
163916,40.32,0.4286110154905336,0.5853180212014135,0.5376009985225941,0.8797639291787536,0.3489361702127659,0.41004060973456524,0.0,,0.0
163917,40.33,0.42659208261617904,0.5852013741656852,0.5371801925722145,0.8786635990797239,0.34580378250591015,0.41115884880230696,0.0,,0.0
163918,40.34,0.42539586919104994,0.5845524146054182,0.5401915533139742,0.8773632089626888,0.342612293144208,0.4121005238067211,0.0,,0.0
163919,40.35,0.4219922547332186,0.58583588535532,0.5394701716847521,0.8759127738321497,0.33918439716312054,0.4129244894355834,0.0,,0.0
163920,40.36,0.42222461273666095,0.5858720062819003,0.5406607570431504,0.8742622786836051,0.3355791962174941,0.41351303631334224,0.0,,0.0
163921,40.37,0.42302495697074016,0.5859120533961524,0.5400896632533496,0.8724617385215565,0.3319148936170212,0.4139838738155493,0.0,,0.0
163922,40.38,0.4252452667814114,0.5846654888103652,0.54105710937898,0.8705111533460037,0.32813238770685577,0.4145724206933081,0.0,,0.0
163923,40.39,0.4242426850258176,0.5835355319984296,0.5448683070966427,0.8686105831749524,0.32440898345153657,0.4152198222588428,0.0,,0.0
163924,40.4,0.42436316695352844,0.5845889281507657,0.5459381527332008,0.8667100130039012,0.32044917257683214,0.4155729503854981,0.0,,0.0
163925,40.41,0.42249569707401036,0.5851065959952886,0.5478271944571806,0.8647594278283485,0.3162529550827423,0.41563180507327396,0.0,,0.0
163926,40.42,0.4228528399311532,0.5860471142520614,0.548545519384584,0.8627088126437931,0.3117612293144208,0.4152786769466187,0.0,,0.0
163927,40.43,0.4208777969018933,0.5871955241460542,0.5481277701360232,0.8606581974592378,0.3069739952718676,0.41463127538108396,0.0,,0.0
163928,40.44,0.4214242685025818,0.5864299175500589,0.5520046869427887,0.8585575672701811,0.30195035460992903,0.41351303631334224,0.0,,0.0
163929,40.45,0.4230808950086059,0.5848366705928544,0.551011258851699,0.8563068920676202,0.29645390070921984,0.4118062503678417,0.0,,0.0
163930,40.46,0.4362383820998279,0.5880192383195917,0.5337459880788629,0.8543563068920677,0.29072104018912526,0.4105114472367723,0.0,,0.0
163931,40.47,0.42716006884681584,0.5850701217118178,0.5457099189974017,0.852555766730019,0.28587470449172575,0.4104525925489964,0.0,,0.0
163932,40.48,0.42877710843373495,0.5806242638398116,0.5491415762392379,0.8508552565769731,0.28091016548463354,0.4103937378612205,0.0,,0.0
163933,40.49,0.432580034423408,0.5845708676874755,0.5437444597279535,0.8494548364509352,0.27576832151300235,0.4106880113000999,0.0,,0.0
163934,40.5,0.42487091222030987,0.5740832351786416,0.560410616944317,0.8478043413023907,0.2707446808510638,0.4108057206756517,0.0,,0.0
163935,40.51,0.4369061962134252,0.5813898704358069,0.5435457741097356,0.8465039511853556,0.2647754137115839,0.41033488317344463,0.0,,0.0
163936,40.52,0.44644578313253014,0.585394581861013,0.5294462275205053,0.84555366609983,0.2592789598108747,0.41104113942675524,0.0,,0.0
163937,40.53,0.44142426850258176,0.5833239104829211,0.5345407305517347,0.8446533960188056,0.2553191489361702,0.41315990818668696,0.0,,0.0
163938,40.54,0.436802925989673,0.5821535139379663,0.5465092465230016,0.8439031709512854,0.25206855791962174,0.41592607851215335,0.0,,0.0
163939,40.55,0.4369061962134252,0.5809462112288968,0.5480004075602425,0.8432529758927678,0.24905437352245857,0.418574539462068,0.0,,0.0
163940,40.56,0.4381282271944923,0.5806595995288575,0.5441948137959142,0.842702810843253,0.2464539007092198,0.4211641457242068,0.0,,0.0
163941,40.57,0.44913941480206543,0.5819238319591677,0.5254113811197717,0.8424527358207462,0.2443262411347517,0.4242834441763285,0.0,,0.0
163942,40.58,0.43894578313253013,0.5819642716921869,0.540215497478221,0.8424527358207462,0.24349881796690304,0.428991819198399,0.0,,0.0
163943,40.59,0.43283132530120483,0.5800667451904201,0.5658566406847012,0.8424527358207462,0.24255319148936166,0.43317050203048657,0.0,,0.0
163944,40.6,0.4378356282271945,0.5822885747938752,0.5430531356666157,0.8425527658297489,0.24202127659574468,0.4375846036136777,0.0,,0.0
163945,40.61,0.4360043029259897,0.5827879858657244,0.5453915125579499,0.8426027808342502,0.241725768321513,0.4419987051968688,0.0,,0.0
163946,40.62,0.4356084337349398,0.5825583038869259,0.5458841510010698,0.8426527958387516,0.24148936170212765,0.44623624271673223,0.0,,0.0
163947,40.63,0.43644578313253013,0.5819823321554771,0.5446156197462937,0.8426027808342502,0.24119385342789595,0.4501795067977163,0.0,,0.0
163948,40.64,0.4368244406196214,0.5831527287004319,0.5437984614600845,0.8426027808342502,0.24089834515366426,0.45384615384615373,0.0,,0.0
163949,40.65,0.43686746987951813,0.5848366705928544,0.5445198430893066,0.8426027808342502,0.24066193853427897,0.45739509151903934,0.0,,0.0
163950,40.66,0.43556583476764205,0.5854346682371417,0.54212726068572,0.842702810843253,0.24048463356973993,0.4609204873168147,0.0,,0.0
163951,40.67,0.4369492254733219,0.5855659206910091,0.5417305007896479,0.8427528258477543,0.24030732860520093,0.4640809840503795,0.0,,0.0
163952,40.68,0.43537392426850263,0.5836886533176286,0.5434494880024453,0.842702810843253,0.24024822695035458,0.466988405626508,0.0,,0.0
163953,40.69,0.4349991394148021,0.5830357283078131,0.5441469254674206,0.842702810843253,0.2401891252955083,0.46961332470131234,0.0,,0.0
163954,40.7,0.43390490533562825,0.5832292893600315,0.543846349788578,0.842702810843253,0.24001182033096924,0.47194985580601484,0.0,,0.0
163955,40.71,0.43432616179001726,0.5828645465253239,0.5439186917316216,0.842702810843253,0.2397754137115839,0.47388617503384134,0.0,,0.0
163956,40.72,0.4341135972461274,0.582711425206125,0.5420551225227979,0.8426527958387516,0.23947990543735226,0.4755753045730091,0.0,,0.0
163957,40.73,0.4351226333907057,0.5840710639968592,0.5424758775281471,0.8426527958387516,0.23912529550827422,0.4770878700488493,0.0,,0.0
163958,40.74,0.43432616179001726,0.5839945033372596,0.5414600845687503,0.8426527958387516,0.23865248226950353,0.47837678771114106,0.0,,0.0
163959,40.75,0.4340709982788296,0.5843227326266196,0.5415802638952569,0.8426527958387516,0.2381796690307328,0.47953033959154834,0.0,,0.0
163960,40.76,0.4334832185886403,0.5849717314487634,0.5398191451423913,0.8427528258477543,0.2376477541371158,0.48060738037784695,0.0,,0.0
163961,40.77,0.4336746987951808,0.5860836277974087,0.5389714198379948,0.8429028708612584,0.23717494089834518,0.4816844211641456,0.0,,0.0
163962,40.78,0.433632099827883,0.586871221044366,0.5399933771460593,0.8430529158747624,0.23670212765957444,0.4827967747631097,0.0,,0.0
163963,40.79,0.43293803786574875,0.587330192383196,0.5411595088899077,0.8432529758927678,0.2361702127659574,0.4839091283620739,0.0,,0.0
163964,40.8,0.4323715146299484,0.5870643894778171,0.5409852768862397,0.8434030209062718,0.23563829787234042,0.48498616914837256,0.0,,0.0
163965,40.81,0.432013769363167,0.5871409501374166,0.540762647103775,0.8436530959287787,0.23516548463356968,0.4859925843093401,0.0,,0.0
163966,40.82,0.43169862306368334,0.5870643894778171,0.5414060828366193,0.843853155946784,0.23463356973995264,0.48696368665764217,0.0,,0.0
163967,40.83,0.4313833907056799,0.5870824499411073,0.5418567425747618,0.8441032309692907,0.23410165484633566,0.4878641633806131,0.0,,0.0
163968,40.84,0.43075301204819283,0.5870643894778171,0.5421573182536044,0.8443032909872962,0.23356973995271868,0.488723441822141,0.0,,0.0
163969,40.85,0.4308597246127367,0.5865064782096585,0.5412858525650822,0.8445033510053015,0.233096926713948,0.489623918545112,0.0,,0.0
163970,40.86,0.4319924741824441,0.5856825677267374,0.5405405267716133,0.8447534260278083,0.23262411347517725,0.49063033370607956,0.0,,0.0
163971,40.87,0.4301441480206541,0.586871221044366,0.5399154312496816,0.8450035010503151,0.23232860520094561,0.4918486257430403,0.0,,0.0
163972,40.88,0.430395438898451,0.5865465253239105,0.5408110448825717,0.8452035610683205,0.23203309692671392,0.49310811606144417,0.0,,0.0
163973,40.89,0.4315111876075732,0.5867542206517472,0.5416343675174486,0.8453536060818245,0.23179669030732858,0.4945088576305101,0.0,,0.0
163974,40.9,0.4315921256454389,0.5863898704358069,0.5406847012073972,0.84555366609983,0.23161938534278953,0.4960155376375727,0.0,,0.0
163975,40.91,0.42972246127366615,0.5874252061248528,0.5420551225227979,0.8456536961088327,0.2315011820330969,0.49752810311341283,0.0,,0.0
163976,40.92,0.4286746987951808,0.5872720848056537,0.5408589332110653,0.8458037411223367,0.2313238770685579,0.49892884468247883,0.0,,0.0
163977,40.93,0.43239281411359726,0.5861056144483707,0.5413821386723725,0.845853756126838,0.2311465721040189,0.5001471367194396,0.0,,0.0
163978,40.94,0.4306678141135973,0.5856242638398116,0.54016149574609,0.8459037711313393,0.23096926713947985,0.5014413513036312,0.0,,0.0
163979,40.95,0.4301441480206541,0.5867542206517472,0.5382500382087727,0.8459037711313393,0.23073286052009456,0.5025907833558941,0.0,,0.0
163980,40.96,0.4301226333907057,0.5850118178248921,0.538947475673748,0.8459037711313393,0.23055555555555557,0.5037402154081572,0.0,,0.0
163981,40.97,0.4257099827882961,0.5849352179034158,0.5374807682510571,0.8459037711313393,0.23049645390070916,0.5051415455241008,0.0,,0.0
163982,40.98,0.43346170395869194,0.5856060070671378,0.5346680931275154,0.8459037711313393,0.23055555555555557,0.5065424048025424,0.0,,0.0
163983,40.99,0.4353528399311532,0.5867361601884571,0.539295939681084,0.8459537861358407,0.23073286052009456,0.5082667294450002,0.0,,0.0
163984,41.0,0.43590232358003445,0.5882709069493522,0.5405884151001069,0.8460538161448434,0.23091016548463356,0.5098475663586604,0.0,,0.0
163985,41.01,0.4339901032702238,0.5873706321162152,0.5384242702124408,0.8461538461538461,0.2310283687943262,0.5111047024895532,0.0,,0.0
163986,41.02,0.4330017211703959,0.5854529250098155,0.5391456518416629,0.8462538761628489,0.2311465721040189,0.5120387263845564,0.0,,0.0
163987,41.03,0.43568932874354566,0.589266195524146,0.5425299811503388,0.8463539061718515,0.2313238770685579,0.5127596963098109,0.0,,0.0
163988,41.04,0.436553356282272,0.5902669807616805,0.5414060828366193,0.8463038911673502,0.23108747044917255,0.5131893355305749,0.0,,0.0
163989,41.05,0.4365318416523236,0.5904201020808795,0.5416824596260634,0.8462038611583476,0.2306737588652482,0.5132952739685714,0.0,,0.0
163990,41.06,0.4350163511187608,0.5891311346682372,0.5414060828366193,0.8461038311493447,0.23014184397163118,0.5131540227179093,0.0,,0.0
163991,41.07,0.43533132530120483,0.5892477424420888,0.5388450761628203,0.8460038011403421,0.22955082742316785,0.5129009475604731,0.0,,0.0
163992,41.08,0.43491394148020657,0.5895956026698077,0.5397406897957104,0.845853756126838,0.22895981087470446,0.5126831852157023,0.0,,0.0
163993,41.09,0.4343859724612737,0.589418924224578,0.5393682816241275,0.845703711113334,0.22825059101654843,0.5125419339650402,0.0,,0.0
163994,41.1,0.4335043029259897,0.5885371024734983,0.5377752305262621,0.84555366609983,0.22748226950354605,0.5126125595903712,0.0,,0.0
163995,41.11,0.43157099827882967,0.5901648998822144,0.539789087574507,0.8455036510953285,0.22671394799054373,0.5128656347478076,0.0,,0.0
163996,41.12,0.42302495697074016,0.593254809579898,0.5517805288094146,0.8454036210863258,0.22570921985815595,0.5127950091224764,0.0,,0.0
163997,41.13,0.4286110154905336,0.5901138594424814,0.560787610168628,0.8450535160548164,0.22381796690307326,0.5109969984109233,0.0,,0.0
163998,41.14,0.4306678141135973,0.5841660777385159,0.5495134749605176,0.8444533360008002,0.2209810874704491,0.5076558177858865,0.0,,0.0
163999,41.15,0.4493674698795181,0.5722811150372988,0.5262825411381119,0.8439031709512854,0.21784869976359333,0.5033093990936377,0.0,,0.0
164000,41.16,0.4481497418244407,0.58313074204947,0.5163839217484334,0.8441532459737922,0.2158983451536643,0.5016208581013476,0.0,,0.0
164001,41.17,0.4386746987951808,0.5860070671378093,0.5238728412043405,0.8446533960188056,0.2153073286052009,0.5024112765581777,0.0,,0.0
164002,41.18,0.4309191049913942,0.5874652532391049,0.5363085231035712,0.8448034410323098,0.21524822695035462,0.503596609969984,0.0,,0.0
164003,41.19,0.4318263769363167,0.584206124852768,0.5340414692546742,0.8446533960188056,0.21501182033096922,0.5037761167677004,0.0,,0.0
164004,41.2,0.43577452667814115,0.5911817824892031,0.539295939681084,0.8448034410323098,0.21459810874704494,0.5041716202695543,0.0,,0.0
164005,41.21,0.43209896729776254,0.5875017667844523,0.5408589332110653,0.8448034410323098,0.2140661938534279,0.5047460420222469,0.0,,0.0
164006,41.22,0.43678571428571433,0.5884420887318415,0.5412858525650822,0.8448534560368111,0.21317966903073282,0.5050697428050143,0.0,,0.0
164007,41.23,0.4337172977624785,0.592124067530428,0.5357379387640735,0.8449534860458137,0.2120567375886524,0.5056082631981635,0.0,,0.0
164008,41.24,0.4344922547332186,0.5943070278759325,0.5408889907789495,0.8449534860458137,0.21040189125295505,0.5062191160025895,0.0,,0.0
164009,41.25,0.4435068846815835,0.5918727915194347,0.526129706047175,0.8448034410323098,0.20815602836879432,0.5064706020834558,0.0,,0.0
164010,41.26,0.4484251290877797,0.5965135453474677,0.5168831830454939,0.8447034110233069,0.20608747044917253,0.5078000117709374,0.0,,0.0
164011,41.27,0.4505636833046472,0.5952296819787987,0.5233226348769677,0.8445533660098029,0.20431442080378243,0.5100270731563767,0.0,,0.0
164012,41.28,0.4347009466437178,0.6207106399685905,0.5521779000458504,0.8441032309692907,0.20301418439716307,0.5126831852157023,0.0,,0.0
164013,41.29,0.44104561101549056,0.5855477031802121,0.5502368943909521,0.8426027808342502,0.200177304964539,0.5125066211523747,0.0,,0.0
164014,41.3,0.4427280550774527,0.5834004711425207,0.49968923531509496,0.842002600780234,0.19763593380614652,0.5130068859984697,0.0,,0.0
164015,41.31,0.4204173838209983,0.5807184923439341,0.5236996281012787,0.8417525257577273,0.1969267139479905,0.5153787299158377,0.0,,0.0
164016,41.32,0.41515920826161795,0.5848005496662741,0.5462086708441591,0.8417025107532259,0.1967494089834515,0.5174621858631039,0.0,,0.0
164017,41.33,0.4093631669535284,0.5867542206517472,0.5488257170513016,0.842002600780234,0.19663120567375886,0.5192572538402682,0.0,,0.0
164018,41.34,0.4281467297762479,0.5991597958382411,0.5601406082836619,0.8422526758027409,0.19556737588652479,0.5202636690012358,0.0,,0.0
164019,41.35,0.42148450946643723,0.5893246957204555,0.5555147995313057,0.8419025707712313,0.19314420803782506,0.5207698193161084,0.0,,0.0
164020,41.36,0.41360585197934596,0.5743541421279937,0.5446701309287278,0.8414024207262178,0.19054373522458623,0.5209110705667706,0.0,,0.0
164021,41.37,0.40339931153184166,0.5637495092265411,0.5290233837689133,0.8411023306992098,0.18829787234042555,0.5210935200988758,0.0,,0.0
164022,41.38,0.4060413080895009,0.5691558696505693,0.5382984359875693,0.8412523757127137,0.1865839243498818,0.5215584721323052,0.0,,0.0
164023,41.39,0.4050387263339071,0.5709972516686298,0.5567323857557694,0.8417025107532259,0.1849881796690307,0.5220999352598433,0.0,,0.0
164024,41.4,0.4159423407917384,0.5653239104829212,0.5582250751439197,0.8422026607982395,0.18280141843971626,0.521776234477076,0.0,,0.0
164025,41.41,0.4197848537005164,0.5608166470357283,0.5294666055326303,0.8430529158747624,0.18043735224586283,0.5215584721323052,0.0,,0.0
164026,41.42,0.4159638554216868,0.5633294071456616,0.5220795761373478,0.8444033209962989,0.17890070921985812,0.5226708257312693,0.0,,0.0
164027,41.43,0.40896299483648885,0.5678170396544955,0.5383763818839472,0.8460538161448434,0.17795508274231675,0.5245424048025424,0.0,,0.0
164028,41.44,0.4047461273666093,0.5719945033372595,0.547501146263182,0.8478043413023907,0.17695035460992908,0.5264787240303689,0.0,,0.0
164029,41.45,0.40165232358003444,0.578476639183353,0.5521524275306944,0.8496048814644392,0.175886524822695,0.5281325407568711,0.0,,0.0
164030,41.46,0.40144148020654047,0.5809815469179427,0.5528758469611289,0.8514554366309892,0.174822695035461,0.5294979695132715,0.0,,0.0
164031,41.47,0.4028098106712565,0.5757322340007853,0.5486983544755208,0.8532059617885366,0.17364066193853428,0.5302866223294684,0.0,,0.0
164032,41.48,0.4056884681583477,0.5758853553199843,0.5445916755820469,0.8550065019505851,0.17269503546099285,0.5308280854570065,0.0,,0.0
164033,41.49,0.41232358003442343,0.5787985865724382,0.5454394008864435,0.8568070421126338,0.17186761229314418,0.5311870990524394,0.0,,0.0
164034,41.5,0.4221815834767642,0.5793168433451119,0.5431489123236027,0.8585075522656797,0.17098108747044916,0.5314754870225412,0.0,,0.0
164035,41.51,0.42806583476764204,0.5818476639183353,0.5425299811503388,0.8601080324097229,0.17009456264775413,0.5321523159319639,0.0,,0.0
164036,41.52,0.4351226333907057,0.5860070671378093,0.5437745172958377,0.8615084525357607,0.16885342789598107,0.5333058678123711,0.0,,0.0
164037,41.53,0.43627710843373496,0.5864884177463683,0.5363339956187273,0.8626087826347903,0.16749408983451536,0.5351009357895355,0.0,,0.0
164038,41.54,0.43352581755593805,0.5883294071456616,0.5456375770543583,0.8634590377113134,0.1662529550827423,0.5376905420516743,0.0,,0.0
164039,41.55,0.437685025817556,0.5874252061248528,0.5498395231545162,0.8640592177653296,0.16495271867612288,0.5402389500323699,0.0,,0.0
164040,41.56,0.4438640275387264,0.5864118570867688,0.5501859493606398,0.8644593378013403,0.16359338061465717,0.5427873580130655,0.0,,0.0
164041,41.57,0.46401032702237527,0.5838233215547703,0.5453915125579499,0.8647094128238471,0.16235224586288416,0.5451238891177681,0.0,,0.0
164042,41.58,0.4607573149741825,0.587483313702395,0.542331652147333,0.8648094428328499,0.16182033096926712,0.548825848978871,0.0,,0.0
164043,41.59,0.45586058519793465,0.5874471927758147,0.5559580212950226,0.8648094428328499,0.16164302600472813,0.5532458360308398,0.0,,0.0
164044,41.6,0.46014629948364894,0.5929839026305458,0.5505119975546385,0.8648094428328499,0.16140661938534273,0.5576246248013653,0.0,,0.0
164045,41.61,0.46533562822719454,0.5955948174322733,0.5453370013755158,0.8647094128238471,0.16122931442080374,0.5621858631039961,0.0,,0.0
164046,41.62,0.4594320137693632,0.5949784059678053,0.5425783279841051,0.8643593077923377,0.16117021276595744,0.5673003354717202,0.0,,0.0
164047,41.63,0.4464888123924269,0.5903023164507264,0.5368077844006317,0.8638591577473242,0.16122931442080374,0.5725972573715495,0.0,,0.0
164048,41.64,0.42751721170395873,0.5713231252453868,0.5303887105812828,0.863559067720316,0.16152482269503549,0.5776587605202753,0.0,,0.0
164049,41.65,0.3959423407917384,0.5737573616018846,0.5324010392786184,0.8636590977293188,0.16264775413711585,0.5831911011712081,0.0,,0.0
164050,41.66,0.3943803786574871,0.6282292893600314,0.5663813744969178,0.8643092927878364,0.16347517730496453,0.5881348949443822,0.0,,0.0
164051,41.67,0.4003528399311532,0.6535531998429526,0.5584696112894186,0.8647594278283485,0.1627659574468085,0.5907833558942969,0.0,,0.0
164052,41.68,0.41925989672977626,0.6389477817039655,0.5782464720566508,0.8646093828148445,0.16075650118203305,0.5903713730798656,0.0,,0.0
164053,41.69,0.44531411359724615,0.6135217903415784,0.5634724132660859,0.8642092627788336,0.15809692671394798,0.5867812371255369,0.0,,0.0
164054,41.7,0.4629647160068847,0.5870824499411073,0.541658413571756,0.8638591577473242,0.15579196217494085,0.5826025542934493,0.0,,0.0
164055,41.71,0.46832185886402755,0.5707459756576365,0.5278007030414182,0.8637091127338201,0.15455082742316784,0.5796598199046552,0.0,,0.0
164056,41.72,0.46968158347676425,0.5649744797801335,0.5203117835855112,0.8637091127338201,0.15395981087470445,0.5780707433347064,0.0,,0.0
164057,41.73,0.4624569707401033,0.5706910090302317,0.5189209842579856,0.8639091727518255,0.15395981087470445,0.5780118886469305,0.0,,0.0
164058,41.74,0.45130378657487097,0.5772477424420888,0.5302919150236894,0.8640592177653296,0.15395981087470445,0.5784827261491376,0.0,,0.0
164059,41.75,0.43644578313253013,0.5822120141342757,0.5377273421977685,0.864109232769831,0.1538416075650118,0.5789535636513446,0.0,,0.0
164060,41.76,0.4278317555938038,0.5904750687082843,0.5522543175913189,0.8640092027608282,0.15336879432624112,0.5794832558413276,0.0,,0.0
164061,41.77,0.42178141135972463,0.5915665488810365,0.5582505476590758,0.8636590977293188,0.1523640661938534,0.5796598199046552,0.0,,0.0
164062,41.78,0.4245783132530121,0.5962426383981155,0.5560853838708033,0.8632089626888066,0.1510047281323877,0.5793655464657759,0.0,,0.0
164063,41.79,0.4373924268502582,0.5866010993325481,0.5493708288756431,0.8626587976392918,0.14940898345153658,0.5781295980224823,0.0,,0.0
164064,41.8,0.4460068846815835,0.5789163722025913,0.541928880737684,0.8621586475942782,0.14799054373522458,0.5765405214525335,0.0,,0.0
164065,41.81,0.45067125645438905,0.5748881036513546,0.5342707218910795,0.8618085425627688,0.1469267139479905,0.574833735507033,0.0,,0.0
164066,41.82,0.44409638554216874,0.5766941499803692,0.5273778592898263,0.8616584975492647,0.14627659574468083,0.5734212230004119,0.0,,0.0
164067,41.83,0.43909638554216873,0.5771299568119357,0.5288196036476641,0.8615584675402621,0.14580378250591014,0.571832146430463,0.0,,0.0
164068,41.84,0.4358382099827883,0.5791637220259129,0.5325742523816801,0.8614584375312593,0.14533096926713945,0.5706550526749454,0.0,,0.0
164069,41.85,0.432013769363167,0.5807341970946212,0.5460104946762443,0.8612083625087525,0.14491725768321512,0.570360779236066,0.0,,0.0
164070,41.86,0.43068932874354565,0.580600706713781,0.5537928575067502,0.8609582874862458,0.14444444444444443,0.5704196339238419,0.0,,0.0
164071,41.87,0.43090232358003444,0.5790891244601493,0.5528249019308166,0.8607082124637391,0.1439125295508274,0.570360779236066,0.0,,0.0
164072,41.88,0.43249483648881243,0.5807773851590107,0.5490244026695196,0.8604581374412323,0.14338061465721036,0.5701253604849625,0.0,,0.0
164073,41.89,0.4312981927710844,0.5817126030624264,0.5441469254674206,0.8602580774232269,0.14284869976359332,0.569889941733859,0.0,,0.0
164074,41.9,0.43016523235800347,0.5834185316058108,0.5412858525650822,0.8600580174052215,0.1423758865248227,0.5695956682949795,0.0,,0.0
164075,41.91,0.4286746987951808,0.5823286219081273,0.539843089306638,0.8598579573872162,0.14196217494089836,0.5695368136072037,0.0,,0.0
164076,41.92,0.43005895008605854,0.5832473498233216,0.5427041622089764,0.8596578973692107,0.1416666666666666,0.5696545229827554,0.0,,0.0
164077,41.93,0.42967986230636834,0.5818877110325874,0.5449645932039329,0.8594578373512054,0.14137115839243497,0.569889941733859,0.0,,0.0
164078,41.94,0.42877710843373495,0.5812367491166078,0.5490702531968006,0.8592077623286986,0.14119385342789598,0.5703019245482901,0.0,,0.0
164079,41.95,0.4282956110154906,0.5814055751864939,0.5508635182637933,0.8590577173151945,0.14101654846335693,0.5707139073627213,0.0,,0.0
164080,41.96,0.4284191049913942,0.5836702002355713,0.5492434662998624,0.8590077023106932,0.14095744680851063,0.5710670354893765,0.0,,0.0
164081,41.97,0.4286110154905336,0.5846835492736553,0.5480717306026797,0.8589076723016905,0.14083924349881793,0.5714790183038078,0.0,,0.0
164082,41.98,0.4295778829604131,0.5860070671378093,0.5456615212186051,0.8589076723016905,0.14078014184397164,0.571832146430463,0.0,,0.0
164083,41.99,0.430395438898451,0.5855877895563408,0.5439487492995058,0.8588576572971891,0.1407210401891253,0.5721264198693424,0.0,,0.0
164084,42.0,0.43217986230636835,0.5847055359246173,0.5427281063732232,0.8588076422926878,0.14066193853427894,0.572361838620446,0.0,,0.0
164085,42.01,0.43266523235800347,0.5838052610914802,0.5411595088899077,0.858707612283685,0.14060283687943265,0.5726561120593254,0.0,,0.0
164086,42.02,0.4380464716006885,0.5841660777385159,0.526129706047175,0.8586575972791837,0.1407210401891253,0.5737743511270671,0.0,,0.0
164087,42.03,0.43194987091222037,0.5854711425206125,0.5378776300371898,0.8585575672701811,0.14107565011820328,0.57630510270143,0.0,,0.0
164088,42.04,0.43127710843373496,0.5857409108755399,0.5432212542666462,0.8584575372611783,0.14148936170212761,0.5790124183391205,0.0,,0.0
164089,42.05,0.43088080895008607,0.5860651747153515,0.5439186917316216,0.8583074922476743,0.14196217494089836,0.581778588664587,0.0,,0.0
164090,42.06,0.4316347246127367,0.5854711425206125,0.5425783279841051,0.858257477243173,0.1423758865248227,0.5844859043022775,0.0,,0.0
164091,42.07,0.43321041308089503,0.5850883392226149,0.5405644709358601,0.8582074622386715,0.14284869976359332,0.5870755105644163,0.0,,0.0
164092,42.08,0.4329591222030981,0.5851466823714174,0.5401136074175964,0.8581074322296689,0.143321513002364,0.5896651168265551,0.0,,0.0
164093,42.09,0.43390490533562825,0.5854529250098155,0.5396928014672169,0.8580574172251676,0.1437352245862884,0.5920781590253662,0.0,,0.0
164094,42.1,0.4341135972461274,0.5860651747153515,0.5389714198379948,0.8579573872161648,0.1441489361702128,0.5943146371608498,0.0,,0.0
164095,42.11,0.434513769363167,0.5865245386729486,0.5405405267716133,0.8578573572071622,0.14456264775413707,0.5963156965452296,0.0,,0.0
164096,42.12,0.4349565404475043,0.5863898704358069,0.5410092210504864,0.8578073422026609,0.14491725768321512,0.5979047731151785,0.0,,0.0
164097,42.13,0.4353528399311532,0.5856825677267374,0.5397651434102603,0.857707312193658,0.14515366430260046,0.5991995762462479,0.0,,0.0
164098,42.14,0.43531454388984514,0.585394581861013,0.5385990116664119,0.8576072821846554,0.1453900709219858,0.6002589606262138,0.0,,0.0
164099,42.15,0.4346415662650603,0.5849937180997252,0.5390437617810382,0.857557267180154,0.14562647754137115,0.6010240715673002,0.0,,0.0
164100,42.16,0.43432616179001726,0.5852013741656852,0.539241937948953,0.857557267180154,0.14580378250591014,0.6015537637572831,0.0,,0.0
